,,,,,,,,,
,,,,,,,,,
Treat,Treatment,Assay,Replicate (cage),,Centroid,Line9-10,Angle7-8-9,Angle3-10-4,Angle2-4-8
mc_d1,Cold,Cold,1,Centroid,"1e-04 (0, 0.00019)","-2e-05 (-0.00019, 0.00014)","-0.00013 (-0.00038, 6e-05)","8e-05 (-6e-05, 0.00024)","-3e-05 (-9e-05, 3e-05)"
mc_d1,Cold,Cold,1,Line9-10,"-0.04 (-0.47, 0.46)","0.00177 (9e-04, 0.00264)","-0.00018 (-0.00083, 0.00043)","-0.00019 (-0.00061, 0.00022)","-2e-04 (-0.00041, -2e-05)"
mc_d1,Cold,Cold,1,Angle7-8-9,"-0.23 (-0.64, 0.17)","-0.08 (-0.35, 0.19)","0.00337 (0.00224, 0.00432)","0.00021 (-0.00033, 0.00066)","-5e-05 (-0.00027, 0.00017)"
mc_d1,Cold,Cold,1,Angle3-10-4,"0.22 (-0.17, 0.68)","-0.12 (-0.36, 0.16)","0.09 (-0.11, 0.31)","0.00161 (0.00111, 0.00209)","-0.00021 (-0.00036, -6e-05)"
mc_d1,Cold,Cold,1,Angle2-4-8,"-0.25 (-0.76, 0.17)","-0.33 (-0.64, -0.06)","-0.05 (-0.32, 0.22)","-0.37 (-0.59, -0.13)","0.00021 (0.00011, 0.00031)"
mc_d2,Cold,Cold,2,Centroid,"0.00029 (0.00013, 0.00049)","-5e-05 (-0.00027, 0.00026)","-1e-05 (-0.00029, 0.00025)","-0.00042 (-0.00065, -0.00019)","9e-05 (1e-05, 0.00018)"
mc_d2,Cold,Cold,2,Line9-10,"-0.06 (-0.41, 0.22)","0.00258 (0.00163, 0.0035)","0.00034 (-0.00026, 0.00102)","0.00042 (-0.00015, 0.00088)","-0.00034 (-0.00056, -0.00015)"
mc_d2,Cold,Cold,2,Angle7-8-9,"-0.03 (-0.38, 0.28)","0.14 (-0.12, 0.41)","0.00235 (0.00147, 0.0034)","8e-05 (-0.00042, 0.00069)","-0.00012 (-0.00034, 6e-05)"
mc_d2,Cold,Cold,2,Angle3-10-4,"-0.64 (-0.88, -0.41)","0.22 (-0.06, 0.47)","0.05 (-0.23, 0.37)","0.00151 (0.00079, 0.00215)","-0.00032 (-0.00046, -0.00013)"
mc_d2,Cold,Cold,2,Angle2-4-8,"0.3 (0.03, 0.58)","-0.38 (-0.6, -0.2)","-0.15 (-0.4, 0.08)","-0.47 (-0.69, -0.27)","0.00031 (0.00022, 0.00039)"
mc_d3,Cold,Cold,3,Centroid,"0.00012 (0, 0.00027)","6e-05 (-0.00011, 0.00027)","0 (-0.00022, 2e-04)","-2e-05 (-2e-04, 0.00015)","2e-05 (-6e-05, 8e-05)"
mc_d3,Cold,Cold,3,Line9-10,"0.14 (-0.32, 0.68)","0.0018 (0.001, 0.00263)","0.00085 (0.00028, 0.00137)","-6e-05 (-5e-04, 4e-04)","0.00012 (-5e-05, 0.00028)"
mc_d3,Cold,Cold,3,Angle7-8-9,"0.02 (-0.51, 0.48)","0.43 (0.15, 0.67)","0.00237 (0.00143, 0.00329)","0.00015 (-0.00029, 0.00069)","4e-05 (-0.00012, 0.00023)"
mc_d3,Cold,Cold,3,Angle3-10-4,"-0.04 (-0.5, 0.48)","-0.03 (-0.29, 0.24)","0.08 (-0.2, 0.33)","0.00165 (0.00112, 0.00226)","-0.00032 (-0.00047, -0.00018)"
mc_d3,Cold,Cold,3,Angle2-4-8,"0.07 (-0.34, 0.57)","0.18 (-0.07, 0.43)","0.06 (-0.19, 0.26)","-0.49 (-0.66, -0.33)","0.00026 (0.00019, 0.00033)"
mc_d4,Cold,Cold,4,Centroid,"0.00024 (0, 4e-04)","-1e-05 (-0.00023, 0.00024)","-3e-05 (-3e-04, 0.00021)","-8e-05 (-3e-04, 1e-04)","2e-05 (-5e-05, 9e-05)"
mc_d4,Cold,Cold,4,Line9-10,"-0.01 (-0.38, 0.34)","0.00225 (0.00146, 0.0032)","0.00045 (-0.00019, 0.00105)","0.00053 (6e-05, 0.00098)","-0.00023 (-0.00041, -9e-05)"
mc_d4,Cold,Cold,4,Angle7-8-9,"-0.04 (-0.36, 0.31)","0.18 (-0.09, 0.4)","0.00307 (0.00211, 0.00404)","-0.00021 (-0.00064, 0.00031)","-1e-04 (-0.00026, 6e-05)"
mc_d4,Cold,Cold,4,Angle3-10-4,"-0.12 (-0.49, 0.18)","0.29 (0.02, 0.53)","-0.1 (-0.31, 0.12)","0.00168 (0.00112, 0.00229)","-0.00014 (-0.00027, -1e-05)"
mc_d4,Cold,Cold,4,Angle2-4-8,"0.08 (-0.24, 0.43)","-0.34 (-0.55, -0.12)","-0.12 (-0.34, 0.06)","-0.23 (-0.43, -0.02)","0.00022 (0.00016, 0.00029)"
mc_d5,Cold,Cold,5,Centroid,"0.00011 (1e-05, 0.00019)","2e-04 (3e-05, 0.00038)","0.00018 (-2e-05, 0.00038)","-6e-05 (-2e-04, 6e-05)","-3e-05 (-9e-05, 2e-05)"
mc_d5,Cold,Cold,5,Line9-10,"0.43 (0.1, 0.78)","0.00216 (0.00132, 0.00301)","0.00024 (-0.00048, 0.00084)","-3e-05 (-0.00047, 0.00043)","-0.00011 (-0.00028, 5e-05)"
mc_d5,Cold,Cold,5,Angle7-8-9,"0.31 (0.03, 0.71)","0.1 (-0.16, 0.35)","0.00319 (0.00203, 0.00425)","-0.00026 (-0.00075, 2e-04)","-5e-05 (-0.00022, 0.00014)"
mc_d5,Cold,Cold,5,Angle3-10-4,"-0.16 (-0.59, 0.19)","-0.02 (-0.31, 0.29)","-0.15 (-0.43, 0.11)","0.00107 (0.00055, 0.0016)","-0.00016 (-0.00031, -3e-05)"
mc_d5,Cold,Cold,5,Angle2-4-8,"-0.22 (-0.54, 0.14)","-0.15 (-0.38, 0.06)","-0.06 (-0.25, 0.17)","-0.32 (-0.55, -0.09)","0.00024 (0.00017, 0.00031)"
mc_u1,Cold,Hot,1,Centroid,"2e-04 (8e-05, 0.00032)","0.00012 (-6e-05, 0.00032)","-0.00012 (-0.00031, 1e-04)","-6e-05 (-0.00022, 8e-05)","2e-05 (-4e-05, 9e-05)"
mc_u1,Cold,Hot,1,Line9-10,"0.27 (-0.16, 0.66)","0.001 (0, 0.00183)","0.00023 (-0.00029, 0.00084)","-5e-05 (-0.00043, 0.00028)","4e-05 (-0.00012, 2e-04)"
mc_u1,Cold,Hot,1,Angle7-8-9,"-0.19 (-0.52, 0.15)","0.15 (-0.22, 0.6)","0.00226 (0.00137, 0.00315)","2e-05 (-0.00045, 0.00042)","-0.00025 (-0.00042, -7e-05)"
mc_u1,Cold,Hot,1,Angle3-10-4,"-0.14 (-0.5, 0.26)","-0.07 (-0.52, 0.35)","0.03 (-0.31, 0.34)","0.00085 (0.00039, 0.00132)","-8e-05 (-0.00021, 4e-05)"
mc_u1,Cold,Hot,1,Angle2-4-8,"0.1 (-0.17, 0.4)","0.08 (-0.23, 0.48)","-0.32 (-0.52, -0.1)","-0.17 (-0.46, 0.06)","0.00027 (0.00021, 0.00035)"
mc_u2,Cold,Hot,2,Centroid,"0.00016 (0, 0.00028)","-0.00014 (-0.00037, 7e-05)","0.00011 (-9e-05, 0.00033)","-0.00019 (-0.00036, 1e-05)","3e-05 (-3e-05, 8e-05)"
mc_u2,Cold,Hot,2,Line9-10,"-0.25 (-0.61, 0.16)","0.00253 (0.00153, 0.00359)","0.00044 (-2e-04, 0.00099)","0.00054 (0.00011, 0.00099)","4e-05 (-0.00014, 0.00021)"
mc_u2,Cold,Hot,2,Angle7-8-9,"0.18 (-0.22, 0.52)","0.18 (-0.09, 0.41)","0.00244 (0.00171, 0.00321)","0.00013 (-0.00028, 0.00057)","1e-05 (-0.00014, 0.00018)"
mc_u2,Cold,Hot,2,Angle3-10-4,"-0.44 (-0.8, -0.12)","0.32 (0.06, 0.59)","0.08 (-0.16, 0.34)","0.0012 (0.00074, 0.00164)","-0.00011 (-0.00023, 2e-05)"
mc_u2,Cold,Hot,2,Angle2-4-8,"0.18 (-0.22, 0.59)","0.06 (-0.24, 0.38)","0.02 (-0.24, 0.3)","-0.27 (-0.52, 0.04)","0.00015 (8e-05, 0.00022)"
mc_u3,Cold,Hot,3,Centroid,"0.00015 (0, 0.00028)","7e-05 (-0.00014, 0.00033)","-3e-05 (-0.00019, 0.00014)","-0.00013 (-0.00032, 5e-05)","1e-05 (-4e-05, 6e-05)"
mc_u3,Cold,Hot,3,Line9-10,"0.12 (-0.31, 0.56)","0.0023 (0.00086, 0.0036)","0.00011 (-0.00045, 0.00069)","-1e-05 (-0.00057, 0.00054)","5e-05 (-0.00016, 0.00022)"
mc_u3,Cold,Hot,3,Angle7-8-9,"-0.08 (-0.49, 0.4)","0.07 (-0.26, 0.44)","0.00123 (0.00054, 0.0019)","0.00016 (-0.00022, 0.00059)","3e-05 (-0.00012, 0.00014)"
mc_u3,Cold,Hot,3,Angle3-10-4,"-0.3 (-0.71, 0.07)","-0.03 (-0.37, 0.35)","0.14 (-0.23, 0.44)","0.00122 (7e-04, 0.00179)","-0.00013 (-0.00025, -1e-05)"
mc_u3,Cold,Hot,3,Angle2-4-8,"0.03 (-0.4, 0.43)","0.09 (-0.23, 0.45)","0.07 (-0.24, 0.37)","-0.31 (-0.58, -0.03)","0.00015 (9e-05, 0.00022)"
mc_u4,Cold,Hot,4,Centroid,"0.00033 (0.00013, 0.00057)","-0.00011 (-0.00045, 0.00019)","2e-05 (-0.00023, 3e-04)","-2e-04 (-0.00039, -3e-05)","-1e-05 (-8e-05, 7e-05)"
mc_u4,Cold,Hot,4,Line9-10,"-0.13 (-0.5, 0.27)","0.0022 (0.00088, 0.00363)","-0.00011 (-8e-04, 0.00055)","0.00027 (-0.00021, 8e-04)","1e-05 (-0.00017, 2e-04)"
mc_u4,Cold,Hot,4,Angle7-8-9,"0.02 (-0.31, 0.38)","-0.07 (-0.43, 0.27)","0.00191 (0.00108, 0.0027)","-0.00035 (-7e-04, 7e-05)","-0.00014 (-0.00031, 2e-05)"
mc_u4,Cold,Hot,4,Angle3-10-4,"-0.35 (-0.66, -0.07)","0.17 (-0.16, 0.49)","-0.25 (-0.5, 0.05)","0.00102 (0.00062, 0.00143)","5e-05 (-5e-05, 0.00017)"
mc_u4,Cold,Hot,4,Angle2-4-8,"-0.06 (-0.45, 0.36)","0.03 (-0.36, 0.4)","-0.29 (-0.61, 0.04)","0.16 (-0.19, 0.46)","0.00012 (5e-05, 2e-04)"
mc_u5,Cold,Hot,5,Centroid,"0.00017 (0, 3e-04)","0.00014 (-1e-04, 0.00045)","-5e-05 (-0.00026, 0.00016)","-0.00014 (-0.00031, 2e-05)","-5e-05 (-1e-04, 1e-05)"
mc_u5,Cold,Hot,5,Line9-10,"0.2 (-0.21, 0.57)","0.00336 (0.00198, 0.00467)","-0.00031 (-0.00093, 0.00039)","0.00023 (-0.00031, 0.00078)","0 (-2e-04, 0.00018)"
mc_u5,Cold,Hot,5,Angle7-8-9,"-0.09 (-0.5, 0.26)","-0.12 (-0.36, 0.15)","0.00215 (0.00144, 0.00293)","0.00028 (-0.00012, 0.00066)","-2e-04 (-0.00034, -6e-05)"
mc_u5,Cold,Hot,5,Angle3-10-4,"-0.36 (-0.75, 0.03)","0.12 (-0.2, 0.39)","0.2 (-0.06, 0.5)","0.00099 (0.00046, 0.00147)","9e-05 (-2e-05, 2e-04)"
mc_u5,Cold,Hot,5,Angle2-4-8,"-0.34 (-0.69, 0.04)","0.01 (-0.27, 0.29)","-0.37 (-0.62, -0.11)","0.27 (-0.06, 0.59)","0.00014 (8e-05, 2e-04)"
mh_d1,Hot,Cold,1,Centroid,"0.00018 (7e-05, 0.00027)","2e-04 (3e-05, 0.00038)","5e-05 (-0.00012, 0.00024)","-0.00014 (-0.00031, 0)","-2e-05 (-7e-05, 4e-05)"
mh_d1,Hot,Cold,1,Line9-10,"0.35 (0.06, 0.67)","0.002 (0.00111, 0.0029)","0.00061 (3e-05, 0.00115)","-2e-05 (-0.00054, 0.00036)","-0.00016 (-0.00035, 1e-05)"
mh_d1,Hot,Cold,1,Angle7-8-9,"0.08 (-0.23, 0.45)","0.34 (0.02, 0.62)","0.00177 (0.00078, 0.00275)","-4e-05 (-5e-04, 0.00045)","-0.00015 (-0.00035, 4e-05)"
mh_d1,Hot,Cold,1,Angle3-10-4,"-0.33 (-0.67, -0.02)","-0.02 (-0.32, 0.34)","-0.02 (-0.38, 0.34)","0.00102 (0.00042, 0.00154)","-9e-05 (-0.00025, 5e-05)"
mh_d1,Hot,Cold,1,Angle2-4-8,"-0.08 (-0.35, 0.2)","-0.23 (-0.45, 0.02)","-0.23 (-0.53, 0.04)","-0.18 (-0.46, 0.09)","0.00027 (0.00019, 0.00034)"
mh_d2,Hot,Cold,2,Centroid,"7e-05 (0, 0.00017)","5e-05 (-0.00012, 0.00028)","2e-05 (-0.00014, 0.00024)","7e-05 (-7e-05, 0.00024)","-2e-05 (-7e-05, 3e-05)"
mh_d2,Hot,Cold,2,Line9-10,"0.11 (-0.4, 0.6)","0.00288 (0.00177, 0.00417)","0.00055 (-0.00018, 0.00127)","0.00041 (-1e-04, 0.00101)","-0.00018 (-0.00039, 3e-05)"
mh_d2,Hot,Cold,2,Angle7-8-9,"0.05 (-0.44, 0.49)","0.21 (-0.06, 0.5)","0.00284 (0.00175, 0.0038)","0.00028 (-0.00029, 0.00081)","-3e-05 (-0.00022, 0.00014)"
mh_d2,Hot,Cold,2,Angle3-10-4,"0.21 (-0.27, 0.73)","0.18 (-0.05, 0.42)","0.13 (-0.11, 0.39)","0.00182 (0.0012, 0.0024)","-0.00018 (-0.00033, -2e-05)"
mh_d2,Hot,Cold,2,Angle2-4-8,"-0.16 (-0.68, 0.31)","-0.25 (-0.52, 0.03)","-0.04 (-0.31, 0.22)","-0.31 (-0.57, -0.08)","0.00018 (1e-04, 0.00026)"
mh_d3,Hot,Cold,3,Centroid,"0.00022 (4e-05, 0.00036)","-0.00016 (-4e-04, 6e-05)","-1e-05 (-0.00023, 0.00021)","-1e-04 (-0.00029, 6e-05)","-3e-05 (-9e-05, 4e-05)"
mh_d3,Hot,Cold,3,Line9-10,"-0.27 (-0.64, 0.1)","0.00163 (0.00067, 0.00255)","0.00029 (-0.00028, 0.00086)","0.00019 (-0.00024, 7e-04)","-0.00013 (-0.00028, 4e-05)"
mh_d3,Hot,Cold,3,Angle7-8-9,"-0.02 (-0.32, 0.27)","0.14 (-0.11, 0.44)","0.00294 (0.00208, 0.00377)","-6e-05 (-0.00052, 0.00036)","-1e-04 (-0.00025, 8e-05)"
mh_d3,Hot,Cold,3,Angle3-10-4,"-0.18 (-0.52, 0.13)","0.13 (-0.17, 0.44)","-0.03 (-0.29, 0.18)","0.00133 (8e-04, 0.00191)","-3e-05 (-0.00016, 9e-05)"
mh_d3,Hot,Cold,3,Angle2-4-8,"-0.16 (-0.53, 0.23)","-0.25 (-0.56, 0.02)","-0.14 (-0.36, 0.09)","-0.05 (-0.31, 0.19)","0.00018 (0.00012, 0.00025)"
mh_d4,Hot,Cold,4,Centroid,"9e-05 (0, 2e-04)","2e-05 (-0.00015, 2e-04)","7e-05 (-0.00011, 0.00026)","-5e-05 (-0.00021, 8e-05)","-1e-05 (-7e-05, 5e-05)"
mh_d4,Hot,Cold,4,Line9-10,"0.07 (-0.41, 0.58)","0.00219 (0.00135, 0.00302)","0.00032 (-0.00019, 0.00088)","3e-05 (-0.00039, 0.00049)","-0.00036 (-0.00052, -0.00018)"
mh_d4,Hot,Cold,4,Angle7-8-9,"0.16 (-0.26, 0.61)","0.14 (-0.11, 0.37)","0.00241 (0.00159, 0.00316)","-1e-04 (-0.00059, 0.00033)","-0.00012 (-0.00031, 5e-05)"
mh_d4,Hot,Cold,4,Angle3-10-4,"-0.12 (-0.61, 0.28)","0.01 (-0.2, 0.27)","-0.06 (-0.32, 0.15)","0.0017 (0.00114, 0.00214)","-0.00015 (-3e-04, -1e-05)"
mh_d4,Hot,Cold,4,Angle2-4-8,"-0.09 (-0.58, 0.37)","-0.46 (-0.66, -0.26)","-0.15 (-0.36, 0.06)","-0.21 (-0.44, -0.04)","0.00028 (2e-04, 0.00036)"
mh_d5,Hot,Cold,5,Centroid,"0.00028 (0.00013, 0.00042)","0.00035 (0.00014, 0.00057)","0.00018 (-6e-05, 0.00041)","-3e-04 (-0.00048, -0.00016)","-1e-05 (-7e-05, 6e-05)"
mh_d5,Hot,Cold,5,Line9-10,"0.45 (0.21, 0.7)","0.0024 (0.00158, 0.00322)","0.00021 (-0.00032, 0.00078)","-0.00054 (-0.00089, -0.00016)","3e-05 (-0.00013, 2e-04)"
mh_d5,Hot,Cold,5,Angle7-8-9,"0.24 (-0.05, 0.52)","0.09 (-0.15, 0.37)","0.00208 (0.00112, 0.00293)","-1e-04 (-0.00048, 0.00029)","-8e-05 (-0.00024, 0.00011)"
mh_d5,Hot,Cold,5,Angle3-10-4,"-0.62 (-0.88, -0.38)","-0.38 (-0.66, -0.13)","-0.07 (-0.35, 0.22)","0.00091 (5e-04, 0.00127)","-4e-05 (-0.00015, 9e-05)"
mh_d5,Hot,Cold,5,Angle2-4-8,"-0.04 (-0.41, 0.24)","0.05 (-0.23, 0.33)","-0.13 (-0.43, 0.21)","-0.09 (-0.41, 0.19)","0.00017 (8e-05, 0.00025)"
mh_u1,Hot,Hot,1,Centroid,"7e-05 (0, 0.00015)","0.00015 (-5e-05, 0.00037)","8e-05 (-6e-05, 0.00024)","-1e-05 (-0.00013, 0.00012)","-2e-05 (-8e-05, 2e-05)"
mh_u1,Hot,Hot,1,Line9-10,"0.37 (-0.08, 0.86)","0.0028 (0.00141, 0.00431)","0.00088 (0.00021, 0.00159)","0.00034 (-0.00025, 9e-04)","-0.00015 (-4e-04, 4e-05)"
mh_u1,Hot,Hot,1,Angle7-8-9,"0.29 (-0.22, 0.77)","0.44 (0.18, 0.73)","0.00144 (0.00069, 0.00215)","0.00025 (-0.00015, 0.00066)","-0.00013 (-0.00027, 3e-05)"
mh_u1,Hot,Hot,1,Angle3-10-4,"-0.01 (-0.52, 0.53)","0.2 (-0.14, 0.53)","0.22 (-0.15, 0.55)","0.00104 (0.00047, 0.00158)","-3e-05 (-0.00016, 1e-04)"
mh_u1,Hot,Hot,1,Angle2-4-8,"-0.2 (-0.65, 0.21)","-0.19 (-0.51, 0.06)","-0.25 (-0.51, 0.06)","-0.06 (-0.36, 0.21)","0.00021 (0.00014, 0.00029)"
mh_u2,Hot,Hot,2,Centroid,"0.00025 (0.00011, 0.00038)","3e-05 (-0.00015, 0.00022)","-0.00021 (-0.00038, -1e-05)","-9e-05 (-0.00025, 6e-05)","-1e-05 (-6e-05, 5e-05)"
mh_u2,Hot,Hot,2,Line9-10,"0.05 (-0.3, 0.4)","0.00135 (0.00049, 0.0021)","-0.00012 (-0.00055, 0.00032)","0.00046 (2e-05, 8e-04)","-0.00016 (-3e-04, -3e-05)"
mh_u2,Hot,Hot,2,Angle7-8-9,"-0.35 (-0.7, -0.08)","-0.09 (-0.39, 0.23)","0.0016 (0.00096, 0.00224)","3e-04 (-5e-05, 6e-04)","-0.00014 (-0.00028, -1e-05)"
mh_u2,Hot,Hot,2,Angle3-10-4,"-0.16 (-0.41, 0.13)","0.35 (0.07, 0.65)","0.21 (-0.02, 0.43)","0.00134 (0.00091, 0.00173)","-0.00028 (-0.00039, -0.00018)"
mh_u2,Hot,Hot,2,Angle2-4-8,"-0.04 (-0.31, 0.23)","-0.32 (-0.58, -0.06)","-0.25 (-0.49, -0.07)","-0.54 (-0.72, -0.35)","2e-04 (0.00014, 0.00025)"
mh_u3,Hot,Hot,3,Centroid,"4e-05 (0, 0.00011)","-1e-05 (-0.00021, 0.00019)","-3e-05 (-0.00018, 9e-05)","-4e-05 (-0.00018, 9e-05)","0 (-4e-05, 5e-05)"
mh_u3,Hot,Hot,3,Line9-10,"-0.03 (-0.59, 0.55)","0.00362 (0.00208, 0.00522)","0.00057 (-0.00026, 0.00131)","0.00096 (0.00029, 0.00165)","-0.00038 (-0.00062, -0.00011)"
mh_u3,Hot,Hot,3,Angle7-8-9,"-0.11 (-0.67, 0.45)","0.22 (-0.06, 0.5)","0.0018 (0.00098, 0.0026)","0.00027 (-0.00018, 0.00071)","-0.00021 (-0.00041, -3e-05)"
mh_u3,Hot,Hot,3,Angle3-10-4,"-0.15 (-0.68, 0.44)","0.37 (0.16, 0.59)","0.14 (-0.12, 0.36)","0.00186 (0.00131, 0.00242)","-0.00035 (-0.00051, -0.00018)"
mh_u3,Hot,Hot,3,Angle2-4-8,"0.07 (-0.54, 0.68)","-0.44 (-0.67, -0.16)","-0.35 (-0.63, -0.04)","-0.56 (-0.77, -0.36)","2e-04 (0.00011, 0.00029)"
mh_u4,Hot,Hot,4,Centroid,"2e-04 (4e-05, 0.00034)","-0.00015 (-0.00037, 8e-05)","-0.00017 (-0.00037, 2e-05)","-0.00016 (-0.00031, 0)","4e-05 (-2e-05, 1e-04)"
mh_u4,Hot,Hot,4,Line9-10,"-0.27 (-0.67, 0.11)","0.00172 (0.00072, 0.0028)","2e-04 (-0.00035, 0.00072)","4e-05 (-0.00037, 0.00045)","-4e-05 (-0.00019, 0.00012)"
mh_u4,Hot,Hot,4,Angle7-8-9,"-0.32 (-0.67, 0.06)","0.13 (-0.2, 0.46)","0.00169 (0.00105, 0.00237)","0.00018 (-0.00017, 0.00053)","-0.00021 (-0.00035, -6e-05)"
mh_u4,Hot,Hot,4,Angle3-10-4,"-0.37 (-0.73, -0.05)","0.03 (-0.3, 0.34)","0.14 (-0.11, 0.43)","0.00101 (0.00055, 0.0014)","-2e-05 (-0.00013, 9e-05)"
mh_u4,Hot,Hot,4,Angle2-4-8,"0.22 (-0.1, 0.55)","-0.09 (-0.39, 0.25)","-0.41 (-0.64, -0.18)","-0.03 (-0.3, 0.24)","0.00016 (1e-04, 0.00022)"
mh_u5,Hot,Hot,5,Centroid,"0.00028 (0.00012, 0.00044)","-0.00012 (-0.00039, 0.00015)","4e-05 (-0.00018, 0.00028)","-0.00025 (-0.00043, -8e-05)","-1e-05 (-7e-05, 5e-05)"
mh_u5,Hot,Hot,5,Line9-10,"-0.14 (-0.44, 0.2)","0.00258 (0.00125, 0.00381)","-0.00011 (-0.00073, 0.00054)","1e-04 (-0.00037, 0.00058)","-0.00019 (-0.00037, 0)"
mh_u5,Hot,Hot,5,Angle7-8-9,"0.04 (-0.21, 0.36)","-0.05 (-0.32, 0.21)","0.00267 (0.00193, 0.00346)","-9e-05 (-5e-04, 0.00029)","-0.00021 (-0.00037, -8e-05)"
mh_u5,Hot,Hot,5,Angle3-10-4,"-0.46 (-0.75, -0.18)","0.06 (-0.21, 0.34)","-0.05 (-0.28, 0.18)","0.00113 (0.00069, 0.00158)","-1e-05 (-0.00011, 0.00011)"
mh_u5,Hot,Hot,5,Angle2-4-8,"-0.05 (-0.36, 0.2)","-0.29 (-0.53, 0)","-0.31 (-0.53, -0.1)","-0.02 (-0.27, 0.24)","0.00018 (0.00012, 0.00025)"
mmc_d1,Migration-Cold,Cold,1,Centroid,"0.00017 (6e-05, 0.00026)","-0.00016 (-0.00035, 4e-05)","0.00014 (-2e-05, 0.00033)","-0.00033 (-0.00049, -0.00014)","5e-05 (-2e-05, 0.00011)"
mmc_d1,Migration-Cold,Cold,1,Line9-10,"-0.25 (-0.57, 0.04)","0.00252 (0.00167, 0.00341)","0.00051 (-3e-05, 0.00117)","0.00065 (0.00015, 0.00114)","-0.00046 (-0.00068, -0.00026)"
mmc_d1,Migration-Cold,Cold,1,Angle7-8-9,"0.29 (-0.06, 0.62)","0.25 (-0.03, 0.53)","0.00161 (0.00078, 0.00249)","-0.00031 (-0.00079, 0.00016)","-2e-05 (-0.00021, 0.00017)"
mmc_d1,Migration-Cold,Cold,1,Angle3-10-4,"-0.54 (-0.77, -0.32)","0.27 (0.07, 0.47)","-0.17 (-0.42, 0.1)","0.00232 (0.00167, 0.00287)","-0.00041 (-6e-04, -0.00023)"
mmc_d1,Migration-Cold,Cold,1,Angle2-4-8,"0.21 (-0.07, 0.47)","-0.5 (-0.67, -0.32)","-0.03 (-0.32, 0.22)","-0.46 (-0.63, -0.32)","0.00034 (0.00023, 0.00042)"
mmc_d2,Migration-Cold,Cold,2,Centroid,"0.00013 (0, 0.00025)","-7e-05 (-0.00026, 0.00012)","2e-05 (-2e-04, 0.00024)","-2e-04 (-0.00036, 0)","4e-05 (-1e-05, 1e-04)"
mmc_d2,Migration-Cold,Cold,2,Line9-10,"-0.16 (-0.63, 0.29)","0.00169 (0.00083, 0.00258)","0.00083 (9e-05, 0.0014)","0.00049 (8e-05, 0.00098)","-0.00026 (-0.00044, -0.00011)"
mmc_d2,Migration-Cold,Cold,2,Angle7-8-9,"0.02 (-0.4, 0.36)","0.36 (0.09, 0.62)","0.0034 (0.00222, 0.00444)","1e-05 (-0.00055, 0.00054)","-0.00014 (-3e-04, 6e-05)"
mmc_d2,Migration-Cold,Cold,2,Angle3-10-4,"-0.49 (-0.83, -0.19)","0.31 (0.07, 0.58)","0 (-0.26, 0.25)","0.00143 (0.00087, 0.0019)","-0.00031 (-0.00045, -0.00018)"
mmc_d2,Migration-Cold,Cold,2,Angle2-4-8,"0.27 (-0.07, 0.67)","-0.42 (-0.64, -0.21)","-0.15 (-0.32, 0.08)","-0.55 (-0.72, -0.38)","0.00023 (0.00016, 3e-04)"
mmc_d3,Migration-Cold,Cold,3,Centroid,"0.00012 (0, 0.00023)","0.00015 (-4e-05, 0.00035)","-6e-05 (-0.00027, 0.00013)","-3e-05 (-0.00019, 0.00013)","-6e-05 (-0.00013, 1e-05)"
mmc_d3,Migration-Cold,Cold,3,Line9-10,"0.31 (-0.09, 0.7)","0.00225 (0.00124, 0.00319)","0.00044 (-0.00025, 0.00107)","-9e-05 (-6e-04, 0.00038)","-0.00024 (-0.00045, -2e-05)"
mmc_d3,Migration-Cold,Cold,3,Angle7-8-9,"-0.1 (-0.47, 0.3)","0.19 (-0.09, 0.45)","0.00259 (0.00152, 0.00356)","-0.00026 (-0.00079, 0.00023)","-8e-05 (-0.00029, 0.00016)"
mmc_d3,Migration-Cold,Cold,3,Angle3-10-4,"-0.05 (-0.48, 0.43)","-0.06 (-0.38, 0.25)","-0.15 (-0.47, 0.14)","0.00111 (5e-04, 0.00168)","-0.00022 (-4e-04, -4e-05)"
mmc_d3,Migration-Cold,Cold,3,Angle2-4-8,"-0.33 (-0.76, 0.03)","-0.29 (-0.52, -0.04)","-0.1 (-0.34, 0.18)","-0.39 (-0.63, -0.13)","3e-04 (0.00018, 4e-04)"
mmc_d4,Migration-Cold,Cold,4,Centroid,"0.00032 (0.00017, 0.00044)","7e-05 (-0.00011, 0.00029)","-0.00034 (-0.00057, -9e-05)","-0.00023 (-4e-04, -5e-05)","5e-05 (-2e-05, 0.00011)"
mmc_d4,Migration-Cold,Cold,4,Line9-10,"0.11 (-0.19, 0.42)","0.00148 (0.00059, 0.00231)","-0.00052 (-0.00109, 7e-05)","-0.00013 (-0.00058, 0.00031)","-0.00022 (-0.00039, -5e-05)"
mmc_d4,Migration-Cold,Cold,4,Angle7-8-9,"-0.4 (-0.7, -0.14)","-0.29 (-0.59, 0.04)","0.00237 (0.00148, 0.00338)","0.00032 (-0.00017, 0.00077)","-8e-05 (-0.00026, 9e-05)"
mmc_d4,Migration-Cold,Cold,4,Angle3-10-4,"-0.36 (-0.6, -0.09)","-0.1 (-0.42, 0.24)","0.19 (-0.12, 0.43)","0.00138 (0.00078, 0.00191)","-9e-05 (-0.00024, 5e-05)"
mmc_d4,Migration-Cold,Cold,4,Angle2-4-8,"0.19 (-0.08, 0.49)","-0.41 (-0.73, -0.17)","-0.13 (-0.37, 0.15)","-0.16 (-0.43, 0.09)","0.00019 (0.00011, 0.00026)"
mmc_d5,Migration-Cold,Cold,5,Centroid,"0.00018 (0, 3e-04)","0.00016 (-4e-05, 0.00033)","9e-05 (-0.00016, 3e-04)","1e-05 (-0.00013, 0.00014)","-3e-05 (-1e-04, 4e-05)"
mmc_d5,Migration-Cold,Cold,5,Line9-10,"0.31 (-0.09, 0.66)","0.00182 (0.00094, 0.0028)","0.00023 (-0.00039, 0.00087)","-0.00012 (-0.00056, 0.00027)","-0.00015 (-0.00032, 2e-05)"
mmc_d5,Migration-Cold,Cold,5,Angle7-8-9,"0.14 (-0.23, 0.47)","0.11 (-0.18, 0.43)","0.00279 (0.00161, 0.00392)","0.00032 (-0.00024, 0.00074)","-0.00014 (-0.00035, 7e-05)"
mmc_d5,Migration-Cold,Cold,5,Angle3-10-4,"0.04 (-0.31, 0.43)","-0.09 (-0.41, 0.21)","0.18 (-0.07, 0.5)","0.00105 (0.00058, 0.00148)","-6e-05 (-0.00021, 6e-05)"
mmc_d5,Migration-Cold,Cold,5,Angle2-4-8,"-0.15 (-0.56, 0.19)","-0.25 (-0.52, 0.04)","-0.18 (-0.48, 0.06)","-0.12 (-0.41, 0.15)","0.00022 (0.00013, 3e-04)"
mmc_u1,Migration-Cold,Hot,1,Centroid,"0.00018 (0, 3e-04)","-5e-05 (-0.00023, 8e-05)","-8e-05 (-0.00022, 1e-04)","-4e-05 (-0.00021, 0.00011)","4e-05 (-2e-05, 1e-04)"
mmc_u1,Migration-Cold,Hot,1,Line9-10,"-0.19 (-0.7, 0.4)","0.00056 (0, 0.00125)","4e-05 (-3e-04, 0.00034)","0.00025 (-9e-05, 0.00069)","-8e-05 (-0.00022, 4e-05)"
mmc_u1,Migration-Cold,Hot,1,Angle7-8-9,"-0.19 (-0.66, 0.17)","0.08 (-0.44, 0.6)","0.00101 (0.00043, 0.0015)","0.00032 (-3e-05, 0.00064)","-3e-05 (-0.00015, 8e-05)"
mmc_u1,Migration-Cold,Hot,1,Angle3-10-4,"-0.09 (-0.48, 0.29)","0.28 (-0.13, 0.76)","0.29 (-0.02, 0.62)","0.00128 (0.00075, 0.00171)","0 (-0.00011, 0.00013)"
mmc_u1,Migration-Cold,Hot,1,Angle2-4-8,"0.25 (-0.11, 0.65)","-0.27 (-0.78, 0.14)","-0.1 (-0.41, 0.22)","0.01 (-0.23, 0.34)","0.00014 (8e-05, 0.00021)"
mmc_u2,Migration-Cold,Hot,2,Centroid,"0.00018 (0, 0.00031)","-8e-05 (-0.00031, 0.00017)","0.00011 (-7e-05, 0.00029)","-7e-05 (-2e-04, 7e-05)","0 (-6e-05, 7e-05)"
mmc_u2,Migration-Cold,Hot,2,Line9-10,"-0.14 (-0.58, 0.26)","0.00198 (0.00073, 0.00309)","0.00047 (-0.00017, 0.00114)","0.00054 (0.00012, 0.00099)","-0.00035 (-0.00058, -0.00014)"
mmc_u2,Migration-Cold,Hot,2,Angle7-8-9,"0.18 (-0.12, 0.49)","0.21 (-0.06, 0.49)","0.00237 (0.00169, 0.00304)","0.00025 (-7e-05, 0.00065)","-0.00015 (-0.00033, 3e-05)"
mmc_u2,Migration-Cold,Hot,2,Angle3-10-4,"-0.15 (-0.48, 0.15)","0.36 (0.1, 0.62)","0.15 (-0.05, 0.39)","0.00116 (0.00081, 0.0015)","-7e-05 (-2e-04, 5e-05)"
mmc_u2,Migration-Cold,Hot,2,Angle2-4-8,"0.01 (-0.37, 0.37)","-0.56 (-0.8, -0.33)","-0.21 (-0.42, 0.04)","-0.14 (-0.38, 0.1)","2e-04 (0.00012, 0.00029)"
mmc_u3,Migration-Cold,Hot,3,Centroid,"0.00013 (0, 0.00024)","9e-05 (-0.00013, 3e-04)","-3e-05 (-0.00016, 0.00012)","-7e-05 (-0.00021, 9e-05)","1e-05 (-4e-05, 8e-05)"
mmc_u3,Migration-Cold,Hot,3,Line9-10,"0.19 (-0.25, 0.63)","0.00219 (0.00111, 0.00327)","0.00035 (-0.00016, 0.00087)","-2e-05 (-0.00047, 0.00054)","-0.00027 (-0.00051, -7e-05)"
mmc_u3,Migration-Cold,Hot,3,Angle7-8-9,"-0.06 (-0.51, 0.41)","0.25 (-0.16, 0.57)","0.00087 (0.00015, 0.00161)","-0.00016 (-0.00052, 0.00021)","-0.00016 (-0.00031, 0)"
mmc_u3,Migration-Cold,Hot,3,Angle3-10-4,"-0.14 (-0.55, 0.2)","-0.02 (-0.31, 0.26)","-0.16 (-0.56, 0.18)","0.00142 (0.00094, 0.00191)","-9e-05 (-0.00022, 5e-05)"
mmc_u3,Migration-Cold,Hot,3,Angle2-4-8,"0.05 (-0.34, 0.5)","-0.43 (-0.71, -0.17)","-0.42 (-0.8, -0.11)","-0.16 (-0.42, 0.11)","0.00018 (0.00011, 0.00026)"
mmc_u4,Migration-Cold,Hot,4,Centroid,"0.00017 (0, 0.00029)","-3e-05 (-0.00025, 0.00024)","0.00013 (-3e-05, 0.00031)","-5e-05 (-0.00018, 7e-05)","-5e-05 (-1e-04, 1e-05)"
mmc_u4,Migration-Cold,Hot,4,Line9-10,"-0.03 (-0.43, 0.28)","0.0037 (0.00246, 0.00498)","0.00055 (-0.00011, 0.00114)","0.00063 (0.00017, 0.00108)","-0.00016 (-0.00034, 3e-05)"
mmc_u4,Migration-Cold,Hot,4,Angle7-8-9,"0.25 (-0.09, 0.58)","0.21 (-0.02, 0.43)","0.002 (0.00133, 0.0027)","0.00017 (-0.00013, 0.00054)","-0.00034 (-0.00049, -2e-04)"
mmc_u4,Migration-Cold,Hot,4,Angle3-10-4,"-0.15 (-0.51, 0.23)","0.38 (0.09, 0.6)","0.13 (-0.1, 0.41)","0.00079 (0.00046, 0.00116)","-1e-05 (-0.00011, 9e-05)"
mmc_u4,Migration-Cold,Hot,4,Angle2-4-8,"-0.29 (-0.65, 0.05)","-0.19 (-0.39, 0.04)","-0.54 (-0.74, -0.32)","-0.01 (-0.27, 0.24)","0.00021 (0.00015, 0.00027)"
mmc_u5,Migration-Cold,Hot,5,Centroid,"0.00041 (0.00026, 0.00058)","0.00016 (-0.00011, 0.00043)","0.00017 (-5e-05, 0.00037)","-0.00022 (-0.00041, -5e-05)","3e-05 (-3e-05, 0.00011)"
mmc_u5,Migration-Cold,Hot,5,Line9-10,"0.16 (-0.08, 0.45)","0.00286 (0.00155, 0.00404)","1e-04 (-0.00055, 0.00065)","-0.00014 (-0.00053, 0.00031)","-4e-05 (-0.00023, 0.00015)"
mmc_u5,Migration-Cold,Hot,5,Angle7-8-9,"0.19 (-0.01, 0.45)","0.05 (-0.22, 0.29)","0.00189 (0.00123, 0.00252)","-9e-05 (-0.00042, 0.00021)","-4e-05 (-0.00019, 9e-05)"
mmc_u5,Migration-Cold,Hot,5,Angle3-10-4,"-0.45 (-0.72, -0.16)","-0.12 (-0.45, 0.23)","-0.1 (-0.41, 0.19)","0.00061 (0.00019, 0.00101)","-7e-05 (-0.00018, 3e-05)"
mmc_u5,Migration-Cold,Hot,5,Angle2-4-8,"0.12 (-0.16, 0.38)","-0.06 (-0.33, 0.22)","-0.09 (-0.34, 0.17)","-0.22 (-0.53, 0.11)","0.00016 (1e-04, 0.00023)"
mmh_d1,Migration-Hot,Cold,1,Centroid,"0.00016 (0, 3e-04)","8e-05 (-9e-05, 0.00029)","0.00011 (-0.00016, 0.00037)","0 (-0.00017, 0.00017)","-5e-05 (-0.00012, 2e-05)"
mmh_d1,Migration-Hot,Cold,1,Line9-10,"0.24 (-0.26, 0.73)","0.00115 (0.00016, 0.00202)","6e-05 (-0.00053, 0.00067)","0.00032 (-7e-05, 0.00083)","-0.00021 (-0.00039, -1e-05)"
mmh_d1,Migration-Hot,Cold,1,Angle7-8-9,"0.19 (-0.2, 0.6)","0.04 (-0.32, 0.39)","0.00304 (0.00193, 0.00411)","-5e-05 (-6e-04, 0.00048)","-0.00038 (-0.00062, -0.00013)"
mmh_d1,Migration-Hot,Cold,1,Angle3-10-4,"0.02 (-0.4, 0.51)","0.3 (-0.07, 0.71)","-0.04 (-0.4, 0.25)","0.001 (0.00036, 0.00164)","-6e-05 (-0.00021, 0.00013)"
mmh_d1,Migration-Hot,Cold,1,Angle2-4-8,"-0.3 (-0.75, 0.09)","-0.44 (-0.79, -0.09)","-0.46 (-0.69, -0.22)","-0.1 (-0.46, 0.24)","0.00023 (0.00012, 0.00032)"
mmh_d2,Migration-Hot,Cold,2,Centroid,"1e-04 (0, 0.00021)","0.00015 (-2e-05, 0.00032)","0.00014 (-0.00012, 0.00035)","-1e-05 (-0.00017, 0.00014)","2e-05 (-3e-05, 7e-05)"
mmh_d2,Migration-Hot,Cold,2,Line9-10,"0.44 (0.04, 0.85)","0.00117 (0.00044, 0.00189)","0.00016 (-0.00039, 8e-04)","1e-05 (-0.00042, 0.00045)","9e-05 (-7e-05, 0.00024)"
mmh_d2,Migration-Hot,Cold,2,Angle7-8-9,"0.25 (-0.18, 0.7)","0.08 (-0.24, 0.43)","0.00274 (0.00177, 0.00381)","-0.00036 (-0.00088, 0.00013)","-5e-05 (-0.00023, 0.00013)"
mmh_d2,Migration-Hot,Cold,2,Angle3-10-4,"-0.04 (-0.5, 0.4)","0 (-0.33, 0.31)","-0.18 (-0.41, 0.07)","0.00166 (0.00109, 0.00216)","-0.00015 (-0.00029, 0)"
mmh_d2,Migration-Hot,Cold,2,Angle2-4-8,"0.17 (-0.22, 0.63)","0.21 (-0.13, 0.56)","-0.05 (-0.3, 0.18)","-0.25 (-0.47, -0.01)","0.00022 (0.00015, 0.00028)"
mmh_d3,Migration-Hot,Cold,3,Centroid,"0.00032 (0.00018, 0.00045)","6e-05 (-0.00017, 0.00029)","-0.00014 (-0.00038, 0.00012)","-0.00037 (-0.00055, -2e-04)","6e-05 (-1e-05, 0.00013)"
mmh_d3,Migration-Hot,Cold,3,Line9-10,"0.07 (-0.19, 0.32)","0.00265 (0.00177, 0.00354)","0.00041 (-0.00024, 0.00113)","0.00039 (-0.00012, 0.00084)","-0.00022 (-0.00038, -4e-05)"
mmh_d3,Migration-Hot,Cold,3,Angle7-8-9,"-0.16 (-0.48, 0.09)","0.16 (-0.11, 0.41)","0.00268 (0.00144, 0.00376)","0.00019 (-0.00027, 0.00078)","-1e-05 (-0.00021, 0.00017)"
mmh_d3,Migration-Hot,Cold,3,Angle3-10-4,"-0.53 (-0.75, -0.32)","0.19 (-0.05, 0.4)","0.1 (-0.15, 0.38)","0.00156 (0.00108, 0.0021)","-0.00029 (-0.00044, -0.00016)"
mmh_d3,Migration-Hot,Cold,3,Angle2-4-8,"0.23 (-0.01, 0.46)","-0.28 (-0.48, -0.08)","-0.02 (-0.25, 0.22)","-0.48 (-0.65, -0.29)","0.00024 (0.00016, 3e-04)"
mmh_d4,Migration-Hot,Cold,4,Centroid,"0.00024 (9e-05, 0.00039)","-0.00018 (-0.00042, 4e-05)","-4e-05 (-0.00026, 0.00021)","-0.00018 (-0.00036, 1e-05)","5e-05 (-2e-05, 0.00014)"
mmh_d4,Migration-Hot,Cold,4,Line9-10,"-0.25 (-0.58, 0.06)","0.00249 (0.00156, 0.00352)","0.00051 (-0.00012, 0.00106)","2e-04 (-0.00031, 0.00067)","-0.00022 (-0.00042, -2e-05)"
mmh_d4,Migration-Hot,Cold,4,Angle7-8-9,"-0.06 (-0.36, 0.26)","0.21 (-0.04, 0.45)","0.00252 (0.00176, 0.00334)","0.00018 (-0.00024, 7e-04)","-0.00027 (-0.00046, -7e-05)"
mmh_d4,Migration-Hot,Cold,4,Angle3-10-4,"-0.35 (-0.74, -0.04)","0.12 (-0.17, 0.41)","0.1 (-0.18, 0.36)","0.00119 (0.00058, 0.00182)","-9e-05 (-0.00025, 6e-05)"
mmh_d4,Migration-Hot,Cold,4,Angle2-4-8,"0.2 (-0.11, 0.5)","-0.28 (-0.51, -0.04)","-0.33 (-0.57, -0.12)","-0.17 (-0.46, 0.12)","0.00026 (0.00016, 0.00035)"
mmh_d5,Migration-Hot,Cold,5,Centroid,"0.00014 (0, 0.00025)","-1e-05 (-0.00019, 0.00016)","0.00016 (-5e-05, 0.00035)","-0.00016 (-0.00031, 2e-05)","3e-05 (-3e-05, 1e-04)"
mmh_d5,Migration-Hot,Cold,5,Line9-10,"-0.02 (-0.46, 0.41)","0.00132 (0.00053, 0.00204)","0.00014 (-0.00038, 6e-04)","0.00023 (-0.00014, 0.00065)","-3e-05 (-0.00017, 0.00016)"
mmh_d5,Migration-Hot,Cold,5,Angle7-8-9,"0.35 (-0.02, 0.83)","0.09 (-0.25, 0.47)","0.00147 (0.00054, 0.00223)","1e-05 (-0.00046, 0.00043)","-4e-05 (-0.00024, 0.00013)"
mmh_d5,Migration-Hot,Cold,5,Angle3-10-4,"-0.41 (-0.8, -0.05)","0.19 (-0.17, 0.5)","0.01 (-0.37, 0.34)","0.00112 (0.00059, 0.0016)","-0.00022 (-0.00036, -8e-05)"
mmh_d5,Migration-Hot,Cold,5,Angle2-4-8,"0.19 (-0.19, 0.61)","-0.04 (-0.34, 0.28)","-0.06 (-0.41, 0.25)","-0.46 (-0.71, -0.2)","0.00021 (0.00014, 0.00031)"
mmh_u1,Migration-Hot,Hot,1,Centroid,"0.00013 (0, 0.00025)","4e-05 (-0.00015, 0.00025)","-7e-05 (-0.00026, 1e-04)","-3e-05 (-0.00017, 0.00012)","2e-05 (-4e-05, 8e-05)"
mmh_u1,Migration-Hot,Hot,1,Line9-10,"0.09 (-0.36, 0.54)","0.0022 (0.00093, 0.00323)","-0.00054 (-0.00116, 4e-05)","0.00069 (0.00016, 0.00115)","-0.00016 (-0.00037, 2e-05)"
mmh_u1,Migration-Hot,Hot,1,Angle7-8-9,"-0.16 (-0.56, 0.27)","-0.27 (-0.56, 0.02)","0.00207 (0.00144, 0.00276)","2e-05 (-0.00036, 0.00038)","-0.00015 (-3e-04, 0)"
mmh_u1,Migration-Hot,Hot,1,Angle3-10-4,"-0.05 (-0.45, 0.42)","0.41 (0.16, 0.68)","0.01 (-0.22, 0.22)","0.00135 (0.00089, 0.00176)","-0.00026 (-0.00038, -0.00011)"
mmh_u1,Migration-Hot,Hot,1,Angle2-4-8,"0.14 (-0.3, 0.55)","-0.24 (-0.56, -0.01)","-0.22 (-0.45, -0.04)","-0.49 (-0.72, -0.29)","0.00021 (0.00014, 0.00028)"
mmh_u2,Migration-Hot,Hot,2,Centroid,"0.00022 (1e-04, 0.00036)","-5e-05 (-0.00033, 0.00018)","0.00013 (-5e-05, 0.00034)","-1e-05 (-0.00016, 0.00014)","2e-05 (-4e-05, 8e-05)"
mmh_u2,Migration-Hot,Hot,2,Line9-10,"-0.04 (-0.31, 0.27)","0.00387 (0.0025, 0.00512)","0.00104 (0.00045, 0.00176)","0.00042 (-0.00013, 0.00097)","-0.00025 (-0.00046, -3e-05)"
mmh_u2,Migration-Hot,Hot,2,Angle7-8-9,"0.17 (-0.07, 0.41)","0.3 (0.13, 0.49)","0.0031 (0.00244, 0.00373)","9e-05 (-0.00031, 0.00048)","-0.00021 (-0.00036, -5e-05)"
mmh_u2,Migration-Hot,Hot,2,Angle3-10-4,"0 (-0.33, 0.34)","0.21 (-0.06, 0.47)","0.06 (-0.17, 0.28)","0.00099 (5e-04, 0.00148)","-1e-04 (-0.00023, 2e-05)"
mmh_u2,Migration-Hot,Hot,2,Angle2-4-8,"0.11 (-0.2, 0.45)","-0.3 (-0.56, -0.09)","-0.29 (-0.49, -0.06)","-0.23 (-0.51, 0.03)","0.00017 (1e-04, 0.00024)"
mmh_u3,Migration-Hot,Hot,3,Centroid,"4e-05 (0, 0.00011)","6e-05 (-0.00013, 0.00027)","-1e-05 (-1e-04, 7e-05)","0 (-0.00011, 0.00011)","-1e-05 (-5e-05, 3e-05)"
mmh_u3,Migration-Hot,Hot,3,Line9-10,"0.15 (-0.41, 0.74)","0.00414 (0.00261, 0.00581)","-0.00028 (-0.00088, 0.00028)","0.00081 (0.00018, 0.00132)","-0.00034 (-0.00058, -0.00011)"
mmh_u3,Migration-Hot,Hot,3,Angle7-8-9,"-0.06 (-0.62, 0.58)","-0.2 (-0.61, 0.25)","0.00059 (0, 0.00113)","-0.00028 (-0.00061, 6e-05)","-3e-05 (-0.00017, 8e-05)"
mmh_u3,Migration-Hot,Hot,3,Angle3-10-4,"0.04 (-0.54, 0.61)","0.35 (0.09, 0.58)","-0.35 (-0.79, 0.03)","0.00138 (0.00092, 0.00187)","-0.00012 (-0.00024, 1e-05)"
mmh_u3,Migration-Hot,Hot,3,Angle2-4-8,"-0.14 (-0.75, 0.38)","-0.41 (-0.66, -0.15)","-0.09 (-0.51, 0.37)","-0.24 (-0.46, 0.03)","0.00017 (1e-04, 0.00024)"
mmh_u4,Migration-Hot,Hot,4,Centroid,"0.00037 (0.00022, 0.00052)","-1e-05 (-0.00028, 0.00029)","-0.00011 (-0.00033, 1e-04)","-0.00033 (-0.00054, -0.00012)","6e-05 (-2e-05, 0.00013)"
mmh_u4,Migration-Hot,Hot,4,Line9-10,"0 (-0.35, 0.32)","0.0023 (0.00081, 0.00383)","0.00031 (-0.00027, 0.00102)","0.00039 (-0.00024, 0.00104)","-0.00014 (-0.00036, 0.00013)"
mmh_u4,Migration-Hot,Hot,4,Angle7-8-9,"-0.13 (-0.37, 0.1)","0.14 (-0.13, 0.49)","0.00228 (0.00158, 0.00307)","0.00065 (2e-04, 0.00111)","-0.00024 (-0.00043, -8e-05)"
mmh_u4,Migration-Hot,Hot,4,Angle3-10-4,"-0.47 (-0.72, -0.23)","0.2 (-0.14, 0.57)","0.38 (0.11, 0.65)","0.00137 (0.00076, 0.00212)","-0.00026 (-0.00045, -7e-05)"
mmh_u4,Migration-Hot,Hot,4,Angle2-4-8,"0.2 (-0.06, 0.46)","-0.19 (-0.54, 0.13)","-0.36 (-0.61, -0.12)","-0.48 (-0.7, -0.24)","0.00021 (0.00012, 3e-04)"
mmh_u5,Migration-Hot,Hot,5,Centroid,"0.00015 (0, 0.00027)","0.00016 (-6e-05, 0.00039)","-7e-05 (-0.00026, 9e-05)","-7e-05 (-0.00027, 0.00011)","-1e-05 (-7e-05, 5e-05)"
mmh_u5,Migration-Hot,Hot,5,Line9-10,"0.31 (-0.12, 0.75)","0.00184 (0.00035, 0.00318)","-0.00038 (-9e-04, 0.00023)","0.00051 (-9e-05, 0.00111)","-1e-04 (-0.00029, 1e-04)"
mmh_u5,Migration-Hot,Hot,5,Angle7-8-9,"-0.17 (-0.58, 0.23)","-0.26 (-0.66, 0.11)","0.00144 (8e-04, 0.00216)","-0.00016 (-0.00061, 0.00027)","-0.00012 (-0.00028, 2e-05)"
mmh_u5,Migration-Hot,Hot,5,Angle3-10-4,"-0.11 (-0.51, 0.27)","0.29 (-0.04, 0.59)","-0.1 (-0.42, 0.16)","0.00176 (0.00108, 0.00235)","-0.00017 (-3e-04, 0)"
mmh_u5,Migration-Hot,Hot,5,Angle2-4-8,"-0.07 (-0.45, 0.28)","-0.15 (-0.46, 0.15)","-0.2 (-0.47, 0.03)","-0.27 (-0.48, -0.04)","0.00023 (0.00016, 3e-04)"
ms_d1,Spatial,Cold,1,Centroid,"0.00022 (5e-05, 0.00038)","9e-05 (-0.00016, 0.00031)","0.00011 (-0.00011, 0.00031)","-0.00012 (-3e-04, 4e-05)","2e-05 (-4e-05, 8e-05)"
ms_d1,Spatial,Cold,1,Line9-10,"0.14 (-0.22, 0.54)","0.00204 (0.00098, 0.0031)","-1e-04 (-7e-04, 5e-04)","2e-05 (-5e-04, 0.00043)","8e-05 (-0.00011, 3e-04)"
ms_d1,Spatial,Cold,1,Angle7-8-9,"0.16 (-0.17, 0.47)","-0.05 (-0.33, 0.25)","0.00228 (0.0014, 0.003)","-0.00028 (-0.00069, 0.00015)","-2e-05 (-0.00018, 0.00017)"
ms_d1,Spatial,Cold,1,Angle3-10-4,"-0.26 (-0.61, 0.09)","-0.01 (-0.35, 0.32)","-0.19 (-0.45, 0.11)","0.00097 (0.00056, 0.00152)","-0.00011 (-0.00024, 3e-05)"
ms_d1,Spatial,Cold,1,Angle2-4-8,"0.12 (-0.22, 0.42)","0.16 (-0.23, 0.49)","-0.03 (-0.26, 0.26)","-0.25 (-0.52, 0.03)","2e-04 (0.00012, 0.00029)"
ms_d2,Spatial,Cold,2,Centroid,"9e-05 (0, 0.00021)","-1e-05 (-0.00018, 0.00016)","-1e-05 (-0.00016, 0.00015)","-6e-05 (-0.00023, 8e-05)","-2e-05 (-8e-05, 5e-05)"
ms_d2,Spatial,Cold,2,Line9-10,"-0.02 (-0.57, 0.62)","0.00127 (0.00053, 0.00205)","0.00069 (2e-04, 0.00122)","0.00011 (-0.00031, 0.00048)","-0.00026 (-0.00045, -8e-05)"
ms_d2,Spatial,Cold,2,Angle7-8-9,"-0.02 (-0.66, 0.48)","0.53 (0.23, 0.81)","0.0014 (0.00069, 0.00224)","0.00024 (-0.00017, 0.00068)","-0.00029 (-0.00047, -1e-04)"
ms_d2,Spatial,Cold,2,Angle3-10-4,"-0.16 (-0.71, 0.36)","0.1 (-0.26, 0.42)","0.19 (-0.14, 0.53)","0.00121 (0.00062, 0.00181)","-0.00032 (-5e-04, -0.00014)"
ms_d2,Spatial,Cold,2,Angle2-4-8,"-0.08 (-0.65, 0.37)","-0.39 (-0.62, -0.12)","-0.4 (-0.65, -0.17)","-0.48 (-0.67, -0.28)","0.00037 (3e-04, 0.00047)"
ms_d3,Spatial,Cold,3,Centroid,"4e-05 (0, 9e-05)","8e-05 (-5e-05, 0.00025)","-2e-05 (-0.00015, 9e-05)","-4e-05 (-0.00018, 8e-05)","0 (-5e-05, 4e-05)"
ms_d3,Spatial,Cold,3,Line9-10,"0.27 (-0.19, 0.8)","0.00249 (0.0019, 0.00312)","0.00017 (-0.00038, 0.00063)","0.00034 (-8e-05, 0.00077)","-0.00026 (-4e-04, -0.00011)"
ms_d3,Spatial,Cold,3,Angle7-8-9,"-0.08 (-0.63, 0.34)","0.07 (-0.18, 0.26)","0.00217 (0.00127, 0.00299)","0.00048 (2e-05, 0.00094)","-4e-05 (-0.00019, 0.00016)"
ms_d3,Spatial,Cold,3,Angle3-10-4,"-0.14 (-0.73, 0.35)","0.15 (-0.03, 0.36)","0.24 (-0.02, 0.46)","0.00193 (0.00137, 0.00253)","-0.00036 (-0.00051, -0.00021)"
ms_d3,Spatial,Cold,3,Angle2-4-8,"-0.04 (-0.5, 0.48)","-0.28 (-0.43, -0.12)","-0.04 (-0.24, 0.18)","-0.44 (-0.6, -0.28)","0.00034 (0.00026, 0.00042)"
ms_d4,Spatial,Cold,4,Centroid,"0.00027 (0.00014, 4e-04)","-6e-05 (-0.00026, 0.00013)","0.00022 (-1e-05, 0.00045)","-2e-05 (-0.00017, 0.00013)","-7e-05 (-0.00012, 0)"
ms_d4,Spatial,Cold,4,Line9-10,"-0.08 (-0.33, 0.15)","0.00262 (0.00186, 0.00345)","0.00012 (-0.00045, 8e-04)","0.00025 (-0.00015, 0.00069)","-0.00012 (-0.00027, 5e-05)"
ms_d4,Spatial,Cold,4,Angle7-8-9,"0.23 (-0.01, 0.47)","0.04 (-0.17, 0.25)","0.00353 (0.00247, 0.00465)","0 (-0.00045, 0.00049)","-0.00019 (-0.00038, 0)"
ms_d4,Spatial,Cold,4,Angle3-10-4,"-0.03 (-0.3, 0.23)","0.14 (-0.1, 0.38)","0 (-0.23, 0.25)","0.00122 (0.00076, 0.00176)","-3e-05 (-0.00015, 9e-05)"
ms_d4,Spatial,Cold,4,Angle2-4-8,"-0.34 (-0.61, -0.02)","-0.18 (-0.41, 0.04)","-0.25 (-0.49, -0.02)","-0.05 (-0.31, 0.21)","0.00017 (1e-04, 0.00023)"
ms_d5,Spatial,Cold,5,Centroid,"0.00032 (0.00016, 5e-04)","9e-05 (-0.00014, 0.00034)","9e-05 (-0.00021, 0.00034)","-3e-04 (-0.00049, -9e-05)","-4e-05 (-0.00012, 3e-05)"
ms_d5,Spatial,Cold,5,Line9-10,"0.14 (-0.28, 0.54)","0.00121 (9e-05, 0.00216)","-3e-05 (-0.00058, 0.00069)","0.00013 (-0.00029, 0.00059)","-0.00011 (-0.00028, 5e-05)"
ms_d5,Spatial,Cold,5,Angle7-8-9,"0.08 (-0.17, 0.37)","0 (-0.34, 0.37)","0.00299 (0.00204, 0.00401)","-0.00054 (-0.00107, -1e-04)","1e-05 (-0.00019, 2e-04)"
ms_d5,Spatial,Cold,5,Angle3-10-4,"-0.47 (-0.75, -0.24)","0.1 (-0.29, 0.48)","-0.27 (-0.49, -0.04)","0.0013 (0.00083, 0.00179)","-0.00012 (-0.00027, 3e-05)"
ms_d5,Spatial,Cold,5,Angle2-4-8,"-0.15 (-0.46, 0.12)","-0.21 (-0.55, 0.1)","0.01 (-0.25, 0.22)","-0.2 (-0.43, 0.07)","0.00024 (0.00017, 0.00031)"
ms_u1,Spatial,Hot,1,Centroid,"0.00018 (7e-05, 0.00029)","0.00017 (-3e-05, 0.00036)","6e-05 (-0.00012, 0.00024)","-0.00013 (-0.00028, 1e-05)","-6e-05 (-0.00011, -2e-05)"
ms_u1,Spatial,Hot,1,Line9-10,"0.33 (-0.04, 0.7)","0.0018 (0.00052, 0.00298)","0.00022 (-0.00045, 0.00083)","-0.00022 (-0.00072, 0.00022)","-0.00022 (-0.00039, -6e-05)"
ms_u1,Spatial,Hot,1,Angle7-8-9,"0.1 (-0.19, 0.37)","0.11 (-0.21, 0.4)","0.00249 (0.0018, 0.00316)","-0.00028 (-0.00069, 0.00013)","-0.00017 (-3e-04, -3e-05)"
ms_u1,Spatial,Hot,1,Angle3-10-4,"-0.3 (-0.59, 0.02)","-0.19 (-0.56, 0.21)","-0.17 (-0.41, 0.1)","0.00108 (0.00056, 0.00164)","3e-05 (-8e-05, 0.00013)"
ms_u1,Spatial,Hot,1,Angle2-4-8,"-0.43 (-0.76, -0.15)","-0.47 (-0.77, -0.18)","-0.3 (-0.54, -0.08)","0.09 (-0.21, 0.39)","0.00013 (7e-05, 0.00018)"
ms_u2,Spatial,Hot,2,Centroid,"0.00022 (0, 4e-04)","-7e-05 (-0.00029, 0.00023)","1e-04 (-0.00011, 0.00038)","-0.00019 (-0.00037, 0)","2e-05 (-4e-05, 8e-05)"
ms_u2,Spatial,Hot,2,Line9-10,"-0.1 (-0.48, 0.34)","0.00232 (0.00117, 0.00346)","0.00052 (-0.00016, 0.00115)","0.00043 (1e-05, 0.00086)","-3e-04 (-0.00045, -0.00013)"
ms_u2,Spatial,Hot,2,Angle7-8-9,"0.14 (-0.21, 0.48)","0.21 (-0.03, 0.49)","0.00275 (0.00202, 0.00365)","4e-05 (-0.00036, 0.00037)","-0.00019 (-0.00032, -4e-05)"
ms_u2,Spatial,Hot,2,Angle3-10-4,"-0.36 (-0.7, -0.07)","0.25 (0.01, 0.48)","0.02 (-0.17, 0.21)","0.00135 (0.00095, 0.0017)","-0.00022 (-0.00031, -0.00012)"
ms_u2,Spatial,Hot,2,Angle2-4-8,"0.11 (-0.22, 0.47)","-0.43 (-0.65, -0.22)","-0.25 (-0.42, -0.06)","-0.41 (-0.58, -0.23)","0.00022 (0.00017, 0.00027)"
ms_u3,Spatial,Hot,3,Centroid,"5e-05 (0, 0.00014)","-2e-05 (-0.00012, 7e-05)","-4e-05 (-0.00021, 1e-04)","-4e-05 (-0.00018, 7e-05)","1e-05 (-3e-05, 7e-05)"
ms_u3,Spatial,Hot,3,Line9-10,"-0.13 (-0.76, 0.5)","0.00059 (0, 0.00134)","0.00036 (-0.00014, 0.00093)","0.00016 (-0.00017, 0.00061)","-9e-05 (-0.00028, 8e-05)"
ms_u3,Spatial,Hot,3,Angle7-8-9,"-0.16 (-0.86, 0.44)","0.36 (-0.12, 0.88)","0.00171 (0.00075, 0.00258)","0.00047 (-2e-05, 0.00094)","-0.00032 (-0.00051, -0.00014)"
ms_u3,Spatial,Hot,3,Angle3-10-4,"-0.14 (-0.74, 0.45)","0.2 (-0.29, 0.72)","0.34 (0.01, 0.66)","0.00119 (0.00056, 0.00181)","-0.00011 (-0.00025, 3e-05)"
ms_u3,Spatial,Hot,3,Angle2-4-8,"0.1 (-0.47, 0.67)","-0.22 (-0.7, 0.28)","-0.49 (-0.74, -0.28)","-0.19 (-0.46, 0.05)","0.00026 (0.00018, 0.00033)"
ms_u4,Spatial,Hot,4,Centroid,"0.00012 (0, 0.00023)","-2e-05 (-0.00017, 0.00012)","0 (-0.00016, 0.00017)","-2e-05 (-0.00014, 9e-05)","-1e-05 (-6e-05, 6e-05)"
ms_u4,Spatial,Hot,4,Line9-10,"-0.07 (-0.55, 0.47)","9e-04 (0, 0.0017)","0.00041 (-0.00012, 0.00097)","0.00011 (-0.00021, 0.00045)","-0.00015 (-0.00033, 2e-05)"
ms_u4,Spatial,Hot,4,Angle7-8-9,"0 (-0.36, 0.42)","0.32 (-0.05, 0.73)","0.00218 (0.00135, 0.00295)","-3e-05 (-0.00041, 0.00033)","-0.00019 (-0.00035, -4e-05)"
ms_u4,Spatial,Hot,4,Angle3-10-4,"-0.06 (-0.56, 0.4)","0.13 (-0.38, 0.58)","-0.03 (-0.4, 0.28)","0.00062 (0.00014, 0.00104)","-0.00012 (-0.00025, 1e-05)"
ms_u4,Spatial,Hot,4,Angle2-4-8,"-0.03 (-0.45, 0.43)","-0.37 (-0.78, 0.01)","-0.29 (-0.54, -0.07)","-0.33 (-0.69, -0.03)","2e-04 (0.00012, 0.00027)"
ms_u5,Spatial,Hot,5,Centroid,"0.00021 (6e-05, 0.00035)","0.00011 (-9e-05, 0.00035)","4e-05 (-0.00015, 0.00024)","-7e-05 (-0.00022, 7e-05)","-2e-05 (-8e-05, 3e-05)"
ms_u5,Spatial,Hot,5,Line9-10,"0.2 (-0.17, 0.55)","0.00185 (0.00084, 0.00289)","0.00058 (0, 0.00123)","0.00026 (-0.00014, 0.00067)","-2e-04 (-0.00036, -3e-05)"
ms_u5,Spatial,Hot,5,Angle7-8-9,"0.05 (-0.25, 0.34)","0.28 (0.02, 0.54)","0.00232 (0.00158, 0.00305)","0.00043 (7e-05, 0.00078)","-0.00011 (-0.00024, 3e-05)"
ms_u5,Spatial,Hot,5,Angle3-10-4,"-0.16 (-0.53, 0.15)","0.22 (-0.13, 0.53)","0.32 (0.07, 0.61)","0.00086 (0.00046, 0.00132)","-1e-04 (-2e-04, 1e-05)"
ms_u5,Spatial,Hot,5,Angle2-4-8,"-0.12 (-0.43, 0.2)","-0.35 (-0.63, -0.09)","-0.17 (-0.4, 0.02)","-0.24 (-0.47, 0.02)","0.00019 (0.00013, 0.00025)"
mt_d1,Temporal,Cold,1,Centroid,"0.00019 (1e-05, 0.00032)","2e-05 (-0.00017, 0.00021)","-0.00011 (-0.00034, 9e-05)","-6e-05 (-2e-04, 7e-05)","1e-05 (-4e-05, 6e-05)"
mt_d1,Temporal,Cold,1,Line9-10,"0.02 (-0.32, 0.34)","0.00209 (0.0014, 0.00281)","0.00058 (4e-05, 0.00112)","-0.00037 (-0.00077, -4e-05)","0.00016 (2e-05, 0.00028)"
mt_d1,Temporal,Cold,1,Angle7-8-9,"-0.17 (-0.48, 0.18)","0.22 (0.02, 0.43)","0.0032 (0.00224, 0.004)","0.00029 (-0.00011, 0.00071)","-0.00015 (-0.00029, 1e-05)"
mt_d1,Temporal,Cold,1,Angle3-10-4,"-0.14 (-0.5, 0.14)","-0.24 (-0.47, -0.01)","0.15 (-0.05, 0.35)","0.00124 (0.00079, 0.00162)","-0.00017 (-0.00028, -7e-05)"
mt_d1,Temporal,Cold,1,Angle2-4-8,"0.08 (-0.25, 0.44)","0.29 (0.03, 0.53)","-0.21 (-0.44, 0.01)","-0.39 (-0.64, -0.17)","0.00015 (1e-04, 0.00021)"
mt_d2,Temporal,Cold,2,Centroid,"8e-05 (0, 0.00018)","6e-05 (-1e-04, 0.00026)","-0.00011 (-0.00031, 6e-05)","-9e-05 (-0.00027, 5e-05)","1e-05 (-5e-05, 7e-05)"
mt_d2,Temporal,Cold,2,Line9-10,"0.17 (-0.28, 0.69)","0.00229 (0.00129, 0.00331)","-0.00045 (-0.00106, 0.00021)","0.00018 (-0.00033, 0.00073)","0.00011 (-1e-04, 0.00029)"
mt_d2,Temporal,Cold,2,Angle7-8-9,"-0.24 (-0.69, 0.17)","-0.19 (-0.45, 0.09)","0.0026 (0.00175, 0.00351)","0.00023 (-0.00028, 0.00071)","-0.00013 (-0.00034, 6e-05)"
mt_d2,Temporal,Cold,2,Angle3-10-4,"-0.27 (-0.73, 0.19)","0.08 (-0.23, 0.35)","0.12 (-0.15, 0.36)","0.00145 (0.00082, 0.002)","-0.00024 (-0.00038, -6e-05)"
mt_d2,Temporal,Cold,2,Angle2-4-8,"0.12 (-0.36, 0.57)","0.16 (-0.13, 0.44)","-0.17 (-0.46, 0.04)","-0.39 (-0.64, -0.16)","0.00025 (0.00016, 0.00034)"
mt_d3,Temporal,Cold,3,Centroid,"0.00012 (0, 0.00021)","-6e-05 (-0.00025, 0.00013)","-2e-05 (-0.00021, 0.00017)","-2e-05 (-0.00018, 0.00015)","-5e-05 (-0.00012, 1e-05)"
mt_d3,Temporal,Cold,3,Line9-10,"-0.11 (-0.49, 0.29)","0.00252 (0.0017, 0.00326)","0.00052 (-7e-05, 0.00107)","-0.00036 (-0.00082, 8e-05)","1e-05 (-0.00018, 0.00017)"
mt_d3,Temporal,Cold,3,Angle7-8-9,"-0.04 (-0.47, 0.33)","0.21 (-0.01, 0.43)","0.00244 (0.00163, 0.00317)","4e-05 (-0.00042, 0.00048)","-0.00023 (-0.00042, -8e-05)"
mt_d3,Temporal,Cold,3,Angle3-10-4,"-0.03 (-0.42, 0.42)","-0.19 (-0.44, 0.04)","0.02 (-0.2, 0.28)","0.00159 (0.00096, 0.00217)","-0.00018 (-0.00033, -3e-05)"
mt_d3,Temporal,Cold,3,Angle2-4-8,"-0.34 (-0.76, 0.05)","0.03 (-0.2, 0.25)","-0.3 (-0.53, -0.11)","-0.28 (-0.51, -0.06)","0.00025 (0.00017, 0.00034)"
mt_d4,Temporal,Cold,4,Centroid,"8e-05 (0, 0.00016)","1e-04 (-7e-05, 0.00027)","0.00015 (-4e-05, 0.00035)","-9e-05 (-2e-04, 6e-05)","-5e-05 (-0.00011, 1e-05)"
mt_d4,Temporal,Cold,4,Line9-10,"0.21 (-0.18, 0.57)","0.00292 (0.00205, 0.0038)","0.00043 (-2e-04, 0.00107)","-0.00019 (-0.00062, 0.00032)","-2e-05 (-0.00023, 0.00017)"
mt_d4,Temporal,Cold,4,Angle7-8-9,"0.31 (-0.05, 0.71)","0.14 (-0.06, 0.37)","0.0031 (0.00202, 0.00413)","-0.00082 (-0.0013, -0.00031)","-3e-05 (-0.00024, 0.00016)"
mt_d4,Temporal,Cold,4,Angle3-10-4,"-0.27 (-0.68, 0.16)","-0.11 (-0.35, 0.15)","-0.42 (-0.67, -0.2)","0.00126 (0.00084, 0.00178)","-0.00012 (-0.00026, 3e-05)"
mt_d4,Temporal,Cold,4,Angle2-4-8,"-0.33 (-0.76, 0.04)","-0.02 (-0.23, 0.2)","-0.04 (-0.26, 0.17)","-0.19 (-0.41, 0.02)","3e-04 (0.00021, 0.00039)"
mt_d5,Temporal,Cold,5,Centroid,"0.00031 (0.00019, 0.00043)","0.00029 (0.00011, 0.00049)","0.00016 (-2e-05, 0.00034)","-0.00022 (-0.00035, -3e-05)","2e-05 (-4e-05, 8e-05)"
mt_d5,Temporal,Cold,5,Line9-10,"0.39 (0.18, 0.64)","0.00188 (0.00122, 0.00261)","0.00073 (3e-04, 0.00124)","-8e-05 (-5e-04, 0.00027)","-3e-05 (-0.00019, 0.00011)"
mt_d5,Temporal,Cold,5,Angle7-8-9,"0.19 (-0.03, 0.38)","0.36 (0.13, 0.57)","0.00223 (0.00163, 0.00284)","-0.00039 (-0.00078, 2e-05)","-0.00025 (-0.00041, -0.00011)"
mt_d5,Temporal,Cold,5,Angle3-10-4,"-0.3 (-0.52, -0.11)","-0.05 (-0.29, 0.16)","-0.21 (-0.43, -0.01)","0.00169 (0.00122, 0.00219)","-2e-04 (-0.00035, -8e-05)"
mt_d5,Temporal,Cold,5,Angle2-4-8,"0.07 (-0.13, 0.3)","-0.04 (-0.26, 0.13)","-0.3 (-0.47, -0.11)","-0.27 (-0.44, -0.11)","0.00031 (0.00024, 0.00039)"
mt_u1,Temporal,Hot,1,Centroid,"0.00031 (0.00014, 0.00047)","2e-05 (-0.00026, 3e-04)","8e-05 (-1e-04, 0.00032)","-9e-05 (-0.00025, 0.00011)","4e-05 (-3e-05, 1e-04)"
mt_u1,Temporal,Hot,1,Line9-10,"0.02 (-0.23, 0.3)","0.0041 (0.00262, 0.00532)","-1e-05 (-6e-04, 7e-04)","0.00052 (-6e-05, 0.00106)","-0.00036 (-0.00057, -0.00017)"
mt_u1,Temporal,Hot,1,Angle7-8-9,"0.11 (-0.16, 0.41)","-0.01 (-0.24, 0.24)","0.00185 (0.00119, 0.00255)","-0.00058 (-0.00094, -0.00018)","-6e-05 (-0.00021, 8e-05)"
mt_u1,Temporal,Hot,1,Angle3-10-4,"-0.13 (-0.38, 0.19)","0.22 (0.01, 0.48)","-0.38 (-0.62, -0.13)","0.00129 (0.00082, 0.0018)","-3e-05 (-0.00015, 8e-05)"
mt_u1,Temporal,Hot,1,Angle2-4-8,"0.15 (-0.14, 0.42)","-0.43 (-0.66, -0.21)","-0.1 (-0.34, 0.17)","-0.05 (-0.31, 0.19)","0.00018 (0.00011, 0.00024)"
mt_u2,Temporal,Hot,2,Centroid,"2e-04 (6e-05, 0.00033)","-1e-04 (-3e-04, 1e-04)","-0.00012 (-3e-04, 3e-05)","-0.00012 (-0.00028, 2e-05)","5e-05 (-1e-05, 0.00011)"
mt_u2,Temporal,Hot,2,Line9-10,"-0.24 (-0.76, 0.21)","0.00101 (0, 0.00218)","3e-04 (-1e-04, 0.00084)","2e-04 (-0.00022, 7e-04)","-0.00012 (-0.00032, 6e-05)"
mt_u2,Temporal,Hot,2,Angle7-8-9,"-0.27 (-0.67, 0.05)","0.3 (-0.11, 0.76)","0.0012 (0.00062, 0.00179)","0.00028 (-4e-05, 0.00066)","-2e-04 (-0.00036, -7e-05)"
mt_u2,Temporal,Hot,2,Angle3-10-4,"-0.25 (-0.55, 0.02)","0.2 (-0.22, 0.64)","0.24 (-0.02, 0.52)","0.00126 (0.00082, 0.00172)","-0.00012 (-0.00025, 0)"
mt_u2,Temporal,Hot,2,Angle2-4-8,"0.29 (-0.08, 0.59)","-0.31 (-0.77, 0.13)","-0.44 (-0.76, -0.2)","-0.25 (-0.5, -0.03)","0.00018 (0.00011, 0.00026)"
mt_u3,Temporal,Hot,3,Centroid,"1e-04 (0, 0.00025)","2e-05 (-0.00022, 0.00032)","-2e-05 (-0.00023, 0.00018)","-7e-05 (-0.00025, 9e-05)","0 (-5e-05, 8e-05)"
mt_u3,Temporal,Hot,3,Line9-10,"0.04 (-0.45, 0.63)","0.00314 (0.00167, 0.00481)","0.00046 (-0.00031, 0.00133)","0.00062 (7e-05, 0.00134)","-0.00015 (-0.00045, 9e-05)"
mt_u3,Temporal,Hot,3,Angle7-8-9,"-0.03 (-0.57, 0.49)","0.17 (-0.14, 0.49)","0.00205 (0.00114, 0.00299)","0.00011 (-0.00037, 0.00063)","-3e-05 (-0.00027, 0.00016)"
mt_u3,Temporal,Hot,3,Angle3-10-4,"-0.17 (-0.76, 0.31)","0.3 (0.04, 0.64)","0.06 (-0.22, 0.38)","0.00143 (0.00076, 0.00197)","-0.00014 (-0.00031, 4e-05)"
mt_u3,Temporal,Hot,3,Angle2-4-8,"0.02 (-0.5, 0.58)","-0.22 (-0.61, 0.13)","-0.05 (-0.45, 0.28)","-0.26 (-0.57, 0.02)","0.00018 (7e-05, 0.00028)"
mt_u4,Temporal,Hot,4,Centroid,"0.00012 (0, 0.00023)","8e-05 (-0.00012, 0.00028)","-7e-05 (-0.00025, 1e-04)","-6e-05 (-0.00021, 7e-05)","2e-05 (-2e-05, 8e-05)"
mt_u4,Temporal,Hot,4,Line9-10,"0.19 (-0.35, 0.72)","0.00139 (0, 0.00263)","6e-05 (-0.00056, 0.00068)","0.00038 (-0.00014, 0.00089)","1e-05 (-0.00015, 0.00022)"
mt_u4,Temporal,Hot,4,Angle7-8-9,"-0.14 (-0.56, 0.23)","0.03 (-0.36, 0.48)","0.002 (0.00124, 0.0027)","-3e-05 (-0.00041, 0.00035)","-7e-05 (-0.00022, 7e-05)"
mt_u4,Temporal,Hot,4,Angle3-10-4,"-0.19 (-0.6, 0.31)","0.33 (-0.04, 0.8)","-0.01 (-0.29, 0.28)","0.00098 (0.00056, 0.00139)","-1e-04 (-0.00021, 0)"
mt_u4,Temporal,Hot,4,Angle2-4-8,"0.17 (-0.21, 0.58)","0.04 (-0.38, 0.45)","-0.11 (-0.35, 0.13)","-0.24 (-0.47, 0)","0.00018 (0.00013, 0.00024)"
mt_u5,Temporal,Hot,5,Centroid,"7e-05 (0, 0.00018)","-2e-05 (-0.00022, 0.00018)","3e-05 (-1e-04, 0.00017)","1e-05 (-0.00013, 0.00012)","0 (-4e-05, 5e-05)"
mt_u5,Temporal,Hot,5,Line9-10,"0 (-0.52, 0.57)","0.00335 (0.00233, 0.00448)","0.00019 (-0.00041, 0.00073)","0.00099 (0.00053, 0.00151)","-0.00043 (-6e-04, -0.00026)"
mt_u5,Temporal,Hot,5,Angle7-8-9,"0.1 (-0.35, 0.61)","0.08 (-0.17, 0.32)","0.00163 (0.00104, 0.00224)","-0.00014 (-0.00048, 0.00022)","-8e-05 (-0.00022, 5e-05)"
mt_u5,Temporal,Hot,5,Angle3-10-4,"0.03 (-0.46, 0.59)","0.5 (0.28, 0.71)","-0.09 (-0.34, 0.16)","0.00123 (0.00074, 0.00168)","-0.00015 (-0.00026, -3e-05)"
mt_u5,Temporal,Hot,5,Angle2-4-8,"0 (-0.48, 0.53)","-0.52 (-0.75, -0.34)","-0.14 (-0.38, 0.09)","-0.3 (-0.53, -0.08)","0.00021 (0.00014, 0.00027)"